INDEX_MODEL,CUSTOMER,SKU_NO,BARCODE,SKU_NAME,MODEL,SKU_TYPE,USE_SELLOUT,USE_STOCK,CHK_CAT,CHK_SUB_CAT,SIZE,REMARK,REMARK
MK-910209-8855671025164,MK,910209,8.85567E+12,#HAIER ค.น้ำอุ่น 3500W #EI35A1(W),EI35A1(W),SELLABLE,,,WH,Manual,3500W,,
MK-897781-,MK,897781,,#HAIER ค.น้ำอุ่น #EI35G1(S) 3500W,EI35G1(S),SELLABLE,,,WH,Digital,3500W,,
MK-897779-,MK,897779,,# HAIER ค.น้ำอุ่น #EI35L1(W)3500W,EI35L1(W),SELLABLE,,,WH,Manual,3500W,,
MK-852819-,MK,852819,,#ค.น้ำอุ่น HAIER EI35M(AES) 3500W,EI35M(AES),SELLABLE,,,WH,Manual,3500W,,
MK-863954-,MK,863954,,#ค.น้ำอุ่น HAIER #EI35M(AES)3500W,EI35M(AES),SELLABLE,,,WH,Manual,3500W,,
MK-932096-8855671031813,MK,932096,8.85567E+12,#HAIERค.ทำน้ำอุ่น#EI35M-B1W 3500W,EI35M-B1W(TH),SELLABLE,,,WH,Manual,3500W,,
MK-910211-8855671031240,MK,910211,8.85567E+12,#HAIER ค.น้ำอุ่น3500W#EI35M-F1CWB,EI35M-F1CWB(TH),SELLABLE,,,WH,Manual,3500W,,
MK-852820-,MK,852820,,#ค.น้ำอุ่น HAIER EI45M(AE) 4500W,EI45M(AE),SELLABLE,,,WH,Manual,4500W,,
MK-863934-,MK,863934,,#ค.น้ำอุ่น HAIER #EI45M(AE) 4500W,EI45M(AE),SELLABLE,,,WH,Manual,4500W,,
MK-897780-,MK,897780,,#HAIER ค.น้ำอุ่น #EI45L1(W) 4500W,EI45L1(W),SELLABLE,,,WH,Manual,4500W,,
MK-897782-,MK,897782,,#HAIER ค.น้ำอุ่น #EI45G1(S) 4500W,EI45G1(S),SELLABLE,,,WH,Manual,4500W,,
MK-910210-8855671030113,MK,910210,8.85567E+12,#HAIER ค.น้ำอุ่น 4500W #EI45M-F1W,EI45M-F1W(TH),SELLABLE,,,WH,Manual,4500W,,
MK-910212-2500009102128,MK,910212,2.50001E+12,#HAIER ค.น้ำอุ่น4500W#EI45M-F1CWB,EI45M-F1CWB(TH),SELLABLE,,,WH,Manual,4500W,,
MK-879079-6930265304336,MK,879079,6.93027E+12,ตชข.HAIER#HCF-108P2/1D/3.5Q,HCF-108P2,SELLABLE,,,FZ,Chest,3.5Q,,
MK-917831-8855671030434,MK,917831,8.85567E+12,ตชข.HAIER#HCF-1300M/1D/13.4Q,HCF-1300M,SELLABLE,,,FZ,Chest,13.4Q,,
MK-760168-6930265304305,MK,760168,6.93027E+12,ตชข.HAIER#HCF-208P2/1D/5Q,HCF-208P2,SELLABLE,,,FZ,Chest,5.0Q,,
MK-332570-6930265304282,MK,332570,6.93027E+12,ตชข.HAIER#HCF-228P2/1D/7Q,HCF-228P2,SELLABLE,,,FZ,Chest,7.0Q,,
MK-936313-8855671024761,MK,936313,8.85567E+12,ตชข.HAIER#HCF350DP/1D/10.8Q,HCF-350DP,SELLABLE,,,FZ,Chest,10.8Q,,
MK-844771-8855671021159,MK,844771,8.85567E+12,ตชข.HAIER#HCF368H-2/1D/11.2Q,HCF-368H-2,SELLABLE,,,FZ,Chest,11.2Q,,
MK-844772-8855671016254,MK,844772,8.85567E+12,ตชข.HAIER#HCF428D/1D/13.3Q,HCF-428D,SELLABLE,,,FZ,Chest,13.4Q,,
MK-270214-8855671027281,MK,270214,8.85567E+12,ตชข.HAIER#HCF428DP/1D/13.4Q,HCF-428DP,SELLABLE,,,FZ,Chest,13.4Q,,
MK-909919-8855671027281,MK,909919,8.85567E+12,ตชข.HAIER#HCF428DP/1D/13.3Q,HCF-428DP,SELLABLE,,,FZ,Chest,13.4Q,,
MK-844773-8855671026529,MK,844773,8.85567E+12,ตชข.HAIER#HCF478DP/2D/15.2,HCF-478DP,SELLABLE,,,FZ,Chest,15.2Q,,
MK-917828-8855671030441,MK,917828,8.85567E+12,ตชข.HAIER#HCF-545M/1D/3.5Q,HCF-545M,SELLABLE,,,FZ,Chest,3.5Q,,
MK-844774-8855671026536,MK,844774,8.85567E+12,ตชข.HAIER#HCF568DP/2D/18.3Q,HCF-568DP,SELLABLE,,,FZ,Chest,18.3Q,,
MK-917829-8855671030625,MK,917829,8.85567E+12,ตชข.HAIER#HCF-705M/1D/5Q,HCF-705M,SELLABLE,,,FZ,Chest,5.0Q,,
MK-917830-8855671030632,MK,917830,8.85567E+12,ตชข.HAIER#HCF-905M/1D/7Q,HCF-905M,SELLABLE,,,FZ,Chest,7.0Q,,
MK-899654-8855671019217,MK,899654,8.85567E+12,#ตชบ.HAIER#HCF-SB208/1D/5Q,HCF-SB208,SELLABLE,,,FZ,Chest,5.0Q,,
MK-899655-8855671023245,MK,899655,8.85567E+12,#ตชบ.HAIER#HCF-SB228/1D/7Q,HCF-SB228,SELLABLE,,,FZ,Chest,7.0Q,,
MK-849053-8855671020695,MK,849053,8.85567E+12,#ค.อบผ้าหยอดเหรียญHAIER# HDV70E1,HDV70E1,SELLABLE,,,WM,Dryer,7.0KG,,
MK-921615-2500009216153,MK,921615,2.50001E+12,ค.อบผ้า 8KG HAIER#HDV80E1,HDV80E1,SELLABLE,,,WM,Dryer,8.0KG,,
MK-843538-,MK,843538,,#ต.เย็น1ต.5.2QHAIER#HR-CEQ15 HG,HR-CEQ15 HG,SELLABLE,,,RF,1Dr,5.2Q,,
MK-843539-,MK,843539,,#ต.เย็น1ต.5.2QHAIER#HR-CEQ15 HP,HR-CEQ15 HP,SELLABLE,,,RF,1Dr,5.2Q,,
MK-843540-,MK,843540,,#ต.เย็น1ต.5.2QHAIER#HR-CEQ15HS/HB,HR-CEQ15 HS,SELLABLE,,,RF,1Dr,5.2Q,,
MK-856004-8855671017695,MK,856004,8.85567E+12,#ต.เย็น1ต.5.2Q HAIER #HR-CEQ15HS,HR-CEQ15 HS,SELLABLE,,,RF,1Dr,5.2Q,,
MK-841671-,MK,841671,,#ต.เย็น1ต. 6.3Q HAIER#HR-CEQ18 HG,HR-CEQ18 HG,SELLABLE,,,RF,1Dr,6.3Q,,
MK-841670-,MK,841670,,#ต.เย็น1ต. 6.3Q HAIER#HR-CEQ18 HP,HR-CEQ18 HP,SELLABLE,,,RF,1Dr,6.3Q,,
MK-857637-8859474602263,MK,857637,8.85947E+12,#ต.เย็น1ต.HAIER  6.3Q#HRCEQ18 HS,HR-CEQ18 HS,SELLABLE,,,RF,1Dr,6.3Q,,
MK-841672-8855671018074,MK,841672,8.85567E+12,#ต.เย็น2ต. 6.2Q. HAIER#HRF-170MNI,HRF-170MNI,SELLABLE,,,RF,2Dr,7.2Q,,
MK-371707-8855671033718,MK,371707,8.85567E+12,HAIER_ตู้เย็น2ต. 6.6Q #HRF- 185MN,HRF-185MN,SELLABLE,,,RF,2Dr,6.6Q,,
MK-843436-8855671018203,MK,843436,8.85567E+12,#ต.เย็น2ต.8.4QHAIER#HRF-230MGIMD,HRF-230MGIMD GB,SELLABLE,,,RF,2Dr,8.4Q,,
MK-843435-,MK,843435,,#ต.เย็น2ต.8.4QHAIER#HRF-230MNIDL,HRF-230MNIDL SV,SELLABLE,,,RF,2Dr,8.4Q,,
MK-912024-,MK,912024,,#ต.เย็น2D 8.7Q HAIER # HRF-25DF,HRF-25DF,SELLABLE,,,RF,2Dr,8.7Q,,
MK-843434-8855671018227,MK,843434,8.85567E+12,#ต.เย็น2ต.9.6QHAIER#HRF-260MGIMD,HRF-260MGIMD GB,SELLABLE,,,RF,2Dr,9.6Q,,2026.02.21 Change from HRF-260MGIMD to HRF-260MGIMD GB
MK-843433-,MK,843433,,#ต.เย็น2ต.9.6QHAIER#HRF-260MNIDL,HRF-260MNIDL SV,SELLABLE,,,RF,2Dr,9.6Q,,
MK-927277-8859474603215,MK,927277,8.85947E+12,HAIER REF2D 12.6Q# HRF350MNI,HRF-350MNI BK,SELLABLE,,,RF,2Dr,11.4Q,,
MK-853126-8936017277727,MK,853126,8.93602E+12,#ต.เย็น 2D 9.6Q HAIER#HRF-BM255MI,HRF-BM255MI,SELLABLE,,,RF,BM,9.2Q,,
MK-908567-,MK,908567,,ต.เย็น1D 6.8Q HAIER #HRF-HM18PS,HR-HM18 PS,SELLABLE,,,RF,1Dr,6.8Q,,09.12.2025 Changed HRF-HM18PS > HR-HM18 PS
MK-862561-8855671023177,MK,862561,8.85567E+12,ต.เย็น4ต. 12Q HAIER #HRF-MD350,HRF-MD350 GB,SELLABLE,,,RF,Multi Dr,13.6Q,,
MK-899660-,MK,899660,,#ต.เย็น4ต.16.1Q HAIER#HRF-MD456GB,HRF-MD456 GB,SELLABLE,,,RF,Multi Dr,16.1Q,,
MK-927275-8859474603802,MK,927275,8.85947E+12,HAIER REF MUL-DOOR#HRFMD469M16.1Q,HRF-MD469M MB,SELLABLE,,,RF,Multi Dr,16.1Q,,
MK-849106-8855671015189,MK,849106,8.85567E+12,#ต.เย็นSBS18.6QHAIER#HRF-SBS528GB,HRF-SBS528 GB,SELLABLE,,,RF,SBS,18.6Q,,
MK-849104-8855671015196,MK,849104,8.85567E+12,#ต.เย็นSBS18.6QHAIER#HRF-SBS528GG,HRF-SBS528 GG,SELLABLE,,,RF,SBS,18.6Q,,
MK-849105-8855671015172,MK,849105,8.85567E+12,#ต.เย็นSBS18.6QHAIER#HRF-SBS528GS,HRF-SBS528 GS,SELLABLE,,,RF,SBS,18.6Q,,
MK-864966-,MK,864966,,ต.เย็นSBS 21.3Q HAIER#HRF-SBS600,HRF-SBS600 GBR,SELLABLE,,,RF,SBS,21.3Q,,
MK-927273-6901018089466,MK,927273,6.90102E+12,HAIERต.เย็นSBS 21.7Q#HRF-SBS636MS,HRF-SBS636 MS,SELLABLE,,,RF,SBS,21.8Q,,
MK-925264-8855671027267,MK,925264,8.85567E+12,ตู้เย็น2D 6.5Q HAIER#HRF-THM18NS,HRF-THM18NS,SELLABLE,,,RF,2Dr,6.5Q,,
MK-857211-,MK,857211,,#ต.เย็น2ต.7.4Q HAIER #HRF-THM20N,HRF-THM20N,SELLABLE,,,RF,2Dr,7.3Q,,
MK-901497-8855671023122,MK,901497,8.85567E+12,#ต.เย็น2D7.2QHAIER#HRF-THM20NS(W),HRF-THM20NS,SELLABLE,,,RF,2Dr,7.3Q,,
MK-899658-8855671019248,MK,899658,8.85567E+12,#ต.เย็น2D 9.1Q HAIER #HRF-THM25NS,HRF-THM25NS,SELLABLE,,,RF,2Dr,9.1Q,,
MK-927183-8855671032872,MK,927183,8.85567E+12,HAIER ต.เย็น2ต. 8.7Q HRF-THM260N,HRF-THM260N,SELLABLE,,,RF,2Dr,8.7Q,,
MK-861644-,MK,861644,,#ต.เย็น2D 9.1Q HAIER #HRF-THM26I,HRF-THM26I,SELLABLE,,,RF,2Dr,9.1Q,,
MK-899659-,MK,899659,,#ต.เย็น2D12.2Q HAIER #HRF-THM35NS,HRF-THM35NS,SELLABLE,,,RF,2Dr,12.2Q,,
MK-861645-8855671022453,MK,861645,8.85567E+12,#ต.เย็น2D12.2QHAIER #HRF-THM36I,HRF-THM36I,SELLABLE,,,RF,2Dr,12.2Q,,
MK-841673-,MK,841673,,#ต.เย็น2ต. 7.8Q. HAIER#HRF-TMB22N,HRF-TMB22N,SELLABLE,,,RF,2Dr,7.8Q,,
MK-857629-8855671017152,MK,857629,8.85567E+12,#ตู้เย็น2D 7.8Q HAIER #HRF-TMB22N,HRF-TMB22N,SELLABLE,,,RF,2Dr,7.8Q,,
MK-841674-8855671017282,MK,841674,8.85567E+12,#ต.เย็น2ต. 8.6Q. HAIER#HRF-TMB24I,HRF-TMB24I MB,SELLABLE,,,RF,2Dr,0,,
MK-891022-,MK,891022,,#ต.เย็น1ต.5.5QHAIER#HR-HM15PB,HR-HM15 PB,SELLABLE,,,RF,1Dr,5.5Q,,
MK-862574-,MK,862574,,ต.เย็น1ต.5.5QHAIER#HR-HM15 PS/PB,HR-HM15 PS,SELLABLE,,,RF,1Dr,5.5Q,,
MK-909936-8855671022897,MK,909936,8.85567E+12,ต.เย็น1ต.5.6Q HAIER#HR-HM15 PS,HR-HM15 PS,SELLABLE,,,RF,1Dr,5.5Q,,
MK-891869-,MK,891869,,#ตู้เย็น1D 6.8Q HAIER #HR-HM18PB,HR-HM18 PB,SELLABLE,,,RF,1Dr,6.8Q,,
MK-928173-8859474604113,MK,928173,8.85947E+12,HAIER ต.เย็น 1ต #HR-SD149M 5.3Q,HR-SD149M MB,SELLABLE,,,RF,1Dr,5.3Q,,
MK-930559-8859474604120,MK,930559,8.85947E+12,HAIER ต.เย็น 1ต. 6.6Q #HR-SD189M,HR-SD189M MB,SELLABLE,,,RF,1Dr,6.6Q,,
MK-901272-,MK,901272,,#ค.ปรับอากาศ HAIER #HSU-09CQRA03T,HSU-09CQRA03T,SELLABLE,,,AC,Fix Speed,9KBTU,,
MK-914855-8855671029421,MK,914855,8.85567E+12,#HAIERปรับอากาศHSU09CQRB03T_NO IN,HSU-09CQRB03T,SELLABLE,,,AC,Fix Speed,9KBTU,,
MK-854924-,MK,854924,,#ค.ปรับอากาศHAIER HSU-09VNS03T,HSU-09VNS03T,SELLABLE,,,AC,Inverter,9KBTU,,
MK-914858-,MK,914858,,#ค.ปรับอากาศ HAIER #HSU-09VQRA03T,HSU-09VQRA03T,SELLABLE,,,AC,Inverter,9KBTU,,
MK-925014-8855671032339,MK,925014,8.85567E+12,#HAIERปรับอากาศHSU09VQRC03T_NO IN,HSU-09VQRC03T,SELLABLE,,,AC,Inverter,9KBTU,,
MK-901275-,MK,901275,,#ค.ปรับอากาศ HAIER #HSU-09VTRA03T,HSU-09VTRA03T,SELLABLE,,,AC,Inverter,9KBTU,,
MK-925011-8855671032438,MK,925011,8.85567E+12,#HAIERปรับอากาศHSU10CQRD03T_NO IN,HSU-10CQRD03T,SELLABLE,,,AC,Fix Speed,10KBTU,,
MK-901273-,MK,901273,,#ค.ปรับอากาศ HAIER #HSU-12CQRA03T,HSU-12CQRA03T,SELLABLE,,,AC,Fix Speed,12KBTU,,
MK-914856-,MK,914856,,#ค.ปรับอากาศ HAIER #HSU-12CQRB03T,HSU-12CQRB03T,SELLABLE,,,AC,Fix Speed,12KBTU,,
MK-891150-,MK,891150,,#HAIER ค.ปรับอากาศ #HSU-12CTB03T,HSU-12CTB03T,SELLABLE,,,AC,Fix Speed,12KBTU,,
MK-854925-,MK,854925,,#ค.ปรับอากาศHAIER HSU-12VNS03T,HSU-12VNS03T,SELLABLE,,,AC,Inverter,12KBTU,,
MK-914859-,MK,914859,,#ค.ปรับอากาศ HAIER #HSU-12VQRA03T,HSU-12VQRA03T,SELLABLE,,,AC,Inverter,12KBTU,,
MK-925015-8855671032490,MK,925015,8.85567E+12,#HAIERปรับอากาศHSU12VQRC03T_NO IN,HSU-12VQRC03T,SELLABLE,,,AC,Inverter,12KBTU,,
MK-891151-,MK,891151,,#HAIER ค.ปรับอากาศ #HSU-12VTRA03T,HSU-12VTRA03T,SELLABLE,,,AC,Inverter,12KBTU,,
MK-901276-,MK,901276,,#ค.ปรับอากาศ HAIER #HSU-12VTRA03T,HSU-12VTRA03T,SELLABLE,,,AC,Inverter,12KBTU,,
MK-925012-8855671031936,MK,925012,8.85567E+12,#HAIERปรับอากาศHSU13CQRD03T_NO IN,HSU-13CQRD03T,SELLABLE,,,AC,Fix Speed,13KBTU,,
MK-854923-,MK,854923,,#ค.ปรับอากาศHAIER HSU-13CTR03T(H),HSU-13CTR03T(H),SELLABLE,,,AC,Fix Speed,13KBTU,,
MK-914860-,MK,914860,,#ค.ปรับอากาศ HAIER #HSU-15VQRA03T,HSU-15VQRA03T,SELLABLE,,,AC,Inverter,15KBTU,,
MK-925016-8855671032094,MK,925016,8.85567E+12,#HAIERปรับอากาศHSU15VQRC03T_NO IN,HSU-15VQRC03T,SELLABLE,,,AC,Inverter,15KBTU,,
MK-901274-,MK,901274,,#ค.ปรับอากาศ HAIER #HSU-18CQRA03T,HSU-18CQRA03T,SELLABLE,,,AC,Fix Speed,18KBTU,,
MK-914857-,MK,914857,,#ค.ปรับอากาศ HAIER #HSU-18CQRB03T,HSU-18CQRB03T,SELLABLE,,,AC,Fix Speed,18KBTU,,
MK-925013-8855671032452,MK,925013,8.85567E+12,#HAIERปรับอากาศHSU18CQRD03T_NO IN,HSU-18CQRD03T,SELLABLE,,,AC,Fix Speed,18KBTU,,
MK-854926-,MK,854926,,#ค.ปรับอากาศHAIER HSU-18VNS03T,HSU-18VNS03T,SELLABLE,,,AC,Inverter,18KBTU,,
MK-914861-,MK,914861,,#ค.ปรับอากาศ HAIER #HSU-18VQRA03T,HSU-18VQRA03T,SELLABLE,,,AC,Inverter,18KBTU,,
MK-925017-8855671032117,MK,925017,8.85567E+12,#HAIERปรับอากาศHSU18VQRC03T_NO IN,HSU-18VQRC03T,SELLABLE,,,AC,Inverter,18KBTU,,
MK-901278-,MK,901278,,#ค.ปรับอากาศ HAIER #HSU-18VTRA03T,HSU-18VTRA03T,SELLABLE,,,AC,Inverter,18KBTU,,
MK-915185-,MK,915185,,#ค.ปรับอากาศ HAIER #HSU-18VTRA03T,HSU-18VTRA03T,SELLABLE,,,AC,Inverter,18KBTU,,
MK-854927-,MK,854927,,#ค.ปรับอากาศHAIER HSU-24VNS03T,HSU-24VNS03T,SELLABLE,,,AC,Inverter,24KBTU,,
MK-925018-8855671032131,MK,925018,8.85567E+12,#HAIERปรับอากาศHSU24VQRC03T_NO IN,HSU-24VQRC03T,SELLABLE,,,AC,Inverter,24KBTU,,
MK-914862-,MK,914862,,#ค.ปรับอากาศ HAIER #HSU-30VQAC03T,HSU-30VQAC03T,SELLABLE,,,AC,Inverter,30KBTU,,
MK-923866-8855671031776,MK,923866,8.85567E+12,ค.ซักผ้า2T13KG HAIER#HTW130-1217B,HTW130-1217BS,SELLABLE,,,WM,Twin Tub,13.0KG,,
MK-923868-8855671031417,MK,923868,8.85567E+12,ค.ซักผ้า2T15KG HAIER#HTW150-1217B,HTW150-1217BS,SELLABLE,,,WM,Twin Tub,15.0KG,,
MK-930563-8855671030366,MK,930563,8.85567E+12,HAIER ค.ซัก2ถัง 9กก #HTW90-1217BS,HTW90-1217BS,SELLABLE,,,WM,Twin Tub,9.0KG,,
MK-849054-8855671020701,MK,849054,8.85567E+12,#คซผ.หยอดเหรียญHAIERHW100-BP10HBI,HW100-BP10HBI,SELLABLE,,,WM,Front Load,10.0KG,,
MK-909628-,MK,909628,,#คซผ.ฝาหน้า12KGHAIER#HW120-BP1495,HW120-BP14959S6,SELLABLE,,,WM,Front Load,12.0KG,,
MK-844668-8855671017039,MK,844668,8.85567E+12,#ค.ซักผ้าฝ.น7กก.HAIER#HW70BP10829,HW70-BP10829,SELLABLE,,,WM,Front Load,7.0KG,,
MK-849055-8855671020718,MK,849055,8.85567E+12,#คซผ.หยอดเหรียญHAIER#HW80-BP10HBI,HW80-BP10HBI,SELLABLE,,,WM,Front Load,8.0KG,,
MK-921614-8855671028752,MK,921614,8.85567E+12,ค.ซักฝาหน้า8KGHAIER#HW80-BP12929A,HW80-BP12929A,SELLABLE,,,WM,Front Load,8.0KG,,
MK-921613-8855671028769,MK,921613,8.85567E+12,ค.ซักฝาหน้า9.5KG HAIER#HW95-BP149,HW95-BP14929AS6,SELLABLE,,,WM,Front Load,9.5KG,,
MK-921616-8855671025065,MK,921616,8.85567E+12,ค.ซักอบ10/6HAIER#HWD100-BP14959S8,HWD100-BP14959S8,SELLABLE,,,WM,FL Wash&Dry,10.0/6.0KG,,
MK-847730-,MK,847730,,#ค.ซักผ้าหยอดเหรียญ HAIER HWM100,HWM100,SELLABLE,,,WM,Front Load,10.0KG,,
MK-841677-8855671014656,MK,841677,8.85567E+12,#ค.ซักผ้า1ถ10KGHAIER#HWM100-1826T,HWM100-1826T,SELLABLE,,,WM,Top Load,10.0KG,,
MK-893571-8855671026017,MK,893571,8.85567E+12,ค.หยอดเหรียญ10KHAIER HWM100-1826,HWM100-1826T,SELLABLE,,,WM,Top Load,10.0KG,,
MK-917757-8855671016971,MK,917757,8.85567E+12,ค.ซักผ้า1T10KG HAIER#HWM100-1826T,HWM100-1826T,SELLABLE,,,WM,Top Load,10.0KG,,
MK-847731-,MK,847731,,#ค.ซักผ้าหยอดเหรียญ HAIER HWM120,HWM120,SELLABLE,,,WM,Top Load,12.0KG,,
MK-854116-8855671019354,MK,854116,8.85567E+12,ค.ซักผ้า2T12KG HAIER#HWM120 OXIGB,HWM120,SELLABLE,,,WM,Top Load,12.0KG,,
MK-841678-8855671014663,MK,841678,8.85567E+12,#ค.ซักผ้า1ถ12KGHAIER#HWM120-1826T,HWM120-1826T,SELLABLE,,,WM,Top Load,12.0KG,,
MK-893572-8855671026024,MK,893572,8.85567E+12,ค.หยอดเหรียญ12KHAIER HWM120-1826,HWM120-1826T,SELLABLE,,,WM,Top Load,12.0KG,,
MK-929365-8855671029971,MK,929365,8.85567E+12,HAIER ซักผ้าฝาบน12KG#HWM120-316S6,HWM120-316S6,SELLABLE,,,WM,Top Load,12.0KG,,
MK-841679-8855671015417,MK,841679,8.85567E+12,#ค.ซักผ้า1ถ.14KG.HAIER#HWM140,HWM140,SELLABLE,,,WM,Top Load,14.0KG,,
MK-847732-8855671020329,MK,847732,8.85567E+12,#ค.ซักผ้าหยอดเหรียญ HAIER HWM140,HWM140,SELLABLE,,,WM,Top Load,14.0KG,,
MK-899662-8855671026031,MK,899662,8.85567E+12,ค.หยอดเหรียญ HAIER HWM140 DG,HWM140 DG,SELLABLE,,,WM,Top Load,14.0KG,,
MK-854117-8855671019361,MK,854117,8.85567E+12,ค.ซักผ้า2T14KG HAIER#HWM140 OXIGB,HWM140 OXIGB,SELLABLE,,,WM,Top Load,14.0KG,,
MK-853125-8855671014625,MK,853125,8.85567E+12,#ค.ซักผ้า1ถัง HAIER#HWM140-1701D,HWM140-1701D,SELLABLE,,,WM,Top Load,14.0KG,,
MK-899661-8855671028868,MK,899661,8.85567E+12,ค.ซักผ้า1T14KG HAIER#HWM140 DG,HWM140-1826T,SELLABLE,,,WM,Top Load,14.0KG,,
MK-923867-8855671029964,MK,923867,8.85567E+12,ค.ซักผ้า1T15KG HAIER#HWM150-316S6,HWM150-316S6,SELLABLE,,,WM,Top Load,15.0KG,,
MK-855066-,MK,855066,,#ค.ซักผ้า1ถ. 7KG.HAIER#HWM70-170,HWM70-1708T,SELLABLE,,,WM,Top Load,7.0KG,,
MK-861646-8855671019279,MK,861646,8.85567E+12,#ค.ซักผ้า1ถ.8KG.HAIER#HWM80-1708T,HWM80-1708T,SELLABLE,,,WM,Top Load,8.0KG,,
MK-927740-8855671028905,MK,927740,8.85567E+12,HAIER ค.ซัก2ถัง10KG#HWM-T100-OXI,HWM-T100 OXI,SELLABLE,,,WM,Twin Tub,10.0KG,,
MK-841675-,MK,841675,,#ค.ซักผ้า2ถ.13KG HAIER#HWM-T130N,HWM-T130N,SELLABLE,,,WM,Twin Tub,13.0KG,,
MK-841676-,MK,841676,,#ค.ซักผ้า2ถ.15KG.HAIER#HWM-T150N,HWM-T150N,SELLABLE,,,WM,Twin Tub,15.0KG,,
MK-869236-8855671022484,MK,869236,8.85567E+12,ค.ซักผ้า2ถ. 18KG.HAIER#HWM-180N2,HWM-T180N2,SELLABLE,,,WM,Twin Tub,18.0KG,,
MK-893573-,MK,893573,,#ค.ซักผ้า2ถัง8.5KGHAIER HWM-T85N2,HWM-T85N2,SELLABLE,,,WM,Twin Tub,8.5KG,,
MK-848016-8855671019330,MK,848016,8.85567E+12,#ค.ซักผ้า2ถัง9KG#HAIER#HWM-T90,HWM-T90 OXS,SELLABLE,,,WM,Twin Tub,9.0KG,,
MK-899656-8855671018104,MK,899656,8.85567E+12,#ตชว.HAIER#JC-167/1D/6Q,JC-167,SELLABLE,,,FZ,Wine,94Bottle,,
MK-899657-8855671018111,MK,899657,8.85567E+12,#ตชว.HAIER#JC-360/1D/13Q,JC-360,SELLABLE,,,FZ,Wine,171Bottle,,
MK-863561-,MK,863561,,#ไฮเฮอร์32นิ้วLE-32K6000 ดิจิตอล,LE32K6000,SELLABLE,,,TV,FHD,"32""",,
MK-863562-,MK,863562,,#ไฮเฮอร์ 43นิ้ว LE-43K6500 HD SMT,LE43K6500A,SELLABLE,,,TV,FHD,"43""",,
MK-863584-,MK,863584,,#ไฮเฮอร์50นิ้วLE-50K8000UA UHD,LE50K8000UA,SELLABLE,,,TV,UHD,"50""",,
MK-840801-,MK,840801,,#เครื่องทำน้ำอุ่น HAIER 3500วัตต์,N/A,N/A,,,N/A,N/A,N/A,,
MK-840802-,MK,840802,,#เครื่องทำน้ำอุ่น HAIER 4500วัตต์,N/A,N/A,,,N/A,N/A,N/A,,
MK-844826-8855671026116,MK,844826,8.85567E+12,ตชยHAIER#SC-1700PCS2-LEDV4/2D/36Q,SC-1700PCS2-LEDV4,SELLABLE,,,FZ,Beverage,36Q,,
MK-844823-8855671026079,MK,844823,8.85567E+12,ตชย.HAIER#SC-240BC-V3/1D/7.6Q,SC-240BC-V3,SELLABLE,,,FZ,Beverage,7.6Q,,
MK-844827-8855671026130,MK,844827,8.85567E+12,ตชย.HAIER#SC2600PCS3-V3/3D/54.3Q,SC-2600PCS3-V3,SELLABLE,,,FZ,Beverage,55.3Q,,
MK-844824-8855671030229,MK,844824,8.85567E+12,ตชย.HAIER#SC-340BC-V4/1D/11.3Q,SC-340BC-V4,SELLABLE,,,FZ,Beverage,11.3Q,,
MK-844825-8855671026109,MK,844825,8.85567E+12,ตชย.HAIER#SC-760BC3/2D/27Q,SC-760BC3,SELLABLE,,,FZ,Beverage,27.0Q,,
MK-899000-8855671026833,MK,899000,8.85567E+12,#ตชย.HAIER#SC-763BC2/2D/27Q,SC-763BC2,SELLABLE,,,FZ,Beverage,26.8Q,,
MK-929123-8855671033442,MK,929123,8.85567E+12,ตชย.HAIER#SC-763BC3/2D/27Q,SC-763BC3,SELLABLE,,,FZ,Beverage,26.8Q,,
MK-844775-8855671011310,MK,844775,8.85567E+12,ตชข.กระจกHAIER#SD-296G/1D/8Q,SD-296G,SELLABLE,,,FZ,Glass,8.0Q,,
MK-844822-,MK,844822,,ตชข.กระจกHAIER#SD332-332D/1D/9.2Q,SD-332D,SELLABLE,,,FZ,Glass,9.2Q,,
MK-907269-8855671027311,MK,907269,8.85567E+12,ตชข.กระจกHAIER#SD332DP/1D/9.2Q,SD-332DP,SELLABLE,,,FZ,Glass,9.2Q,,
MK-848769-2500008487691,MK,848769,2.50001E+12,#ต.เย็น 2D 9.4Q HAIER #THM25N,HRF-THM25N,SELLABLE,,,RF,2Dr,9.1Q,,16.4.2026 Change from THM25N to HRF-THM25N
MK-932098-8855671031820,MK,932098,8.85567E+12,#HAIERค.ทำน้ำอุ่น#EI45M-B1W 4500W,EI45M-B1W(TH),SELLABLE,,,WH,Manual,4500W,,
MK-365058-8855671027298,MK,365058,8.85567E+12,ตชว.HAIER#JC-116/1D/4.2Q,JC-116,SELLABLE,,,FZ,Wine,49Bottle,,
MK-844827-8855671033770,MK,844827,8.85567E+12,ตชย.HAIER#SC2600PCS3-V3/3D/54.3Q,SC-2600PCS3-V3,SELLABLE,,,FZ,Beverage,55.3Q,,
MK-624127-8859474604717,MK,624127,8.85947E+12,ไฮเออร์ ต.เย็น8.3Q 2ต.HRF-RT235MN,HRF-RT235MN NS,SELLABLE,,,RF,2Dr,8.3Q,,
MK-661295-8855671029988,MK,661295,8.85567E+12,ไฮเออร์ ค.ซัก1ถ 10กก#HWM100-316S6,HWM100-316S6,SELLABLE,,,WM,Top Load,10.0KG,,
MK-728751-6976454833201,MK,728751,6.97645E+12,ไฮเออร์65นิ้ว#H65K85FUX GOOGLE TV,H65K85FUX,SELLABLE,,,TV,UHD,"65""",,
MK-739008-6976454833669,MK,739008,6.97645E+12,ไฮเออร์ 32 นิ้ว #32H5F GOOGLE TV,32H5F,SELLABLE,,,TV,FHD,"32""",,
MK-101490-6971926014980,MK,101490,6.97193E+12,ไฮเออร์ 32 นิ้ว#H32F6000 DTV,H32F6000,SELLABLE,,,TV,FHD,"32""",,
MK-937131-6976454833409,MK,937131,6.97645E+12, ไฮเออร์55นิ้ว#H55K85FUX GOOGLETV,H55K85FUX,SELLABLE,,,TV,UHD,"55""",,
MK-746737-6976454832648,MK,746737,6.97645E+12, ไฮเออร์ 40นิ้ว#H40K6FG GOOGLE TV,H40K6FG PLUS,SELLABLE,,,TV,FHD,"40""",,
MK-666439-6976454833126,MK,666439,6.97645E+12,ไฮเออร์43นิ้ว#H43K85FFX GOOGLE TV,H43K85FFX,SELLABLE,,,TV,UHD,"43""",,
MK-927273-,MK,927273,,HAIERต.เย็นSBS 21.7Q#HRF-SBS636MS,HRF-SBS636 MS,SELLABLE,,,RF,SBS,21.8Q,,
MK-921616-,MK,921616,,ค.ซักอบ10/6HAIER#HWD100-BP14959S8,HWD100-BP14959S8,SELLABLE,,,WM,FL Wash&Dry,10.0/6.0KG,,
MK-854117-,MK,854117,,ค.ซักผ้า2T14KG HAIER#HWM140 OXIGB,HWM140 OXIGB,SELLABLE,,,WM,Top Load,14.0KG,,
MK-910211-,MK,910211,,#HAIER ค.น้ำอุ่น3500W#EI35M-F1CWB,EI35M-F1CWB(TH),SELLABLE,,,WH,Manual,3500W,,
MK-909919-,MK,909919,,ตชข.HAIER#HCF428DP/1D/13.3Q,HCF-428DP,SELLABLE,,,FZ,Chest,13.4Q,,
MK-967787-6930265307634,MK,967787,6.93027E+12,ตชย.HAIER#SC-652BPC/2D/22Q_PRE,SC-652BPC,SELLABLE,,,FZ,Beverage,27.0Q,,
MK-706722-6930265301991,MK,706722,6.93027E+12,ตชข.HAIER#HCF-568M/2D/17.7_PRE,HCF-568M,SELLABLE,,,FZ,Chest,18.3Q,,
MK-377790-6930265301625,MK,377790,6.93027E+12,ตชข.HAIER#HCF-478M/14.8_PRE,HCF-478M,SELLABLE,,,FZ,Chest,15.2Q,,
MK-712143-8855671033909,MK,712143,8.85567E+12,HAIER ค.ทำน้ำอุ่น EI45MJ1CWF ขาว,EI45M-J1CW-F(TH),SELLABLE,,,WH,Manual,4500W,,
MK-764522-8855671033862,MK,764522,8.85567E+12,HAIER ค.ทำน้ำอุ่น EI45MD1W ขาว,EI45M-D1W(TH),SELLABLE,,,WH,Manual,4500W,,
MK-981861-8855671033855,MK,981861,8.85567E+12,HAIER ค.ทำน้ำอุ่น EI35MD1W  ขาว,EI35M-D1W(TH),SELLABLE,,,WH,Manual,3500W,,
MK-123505-88556710,MK,123505,88556710,HAIER แอร์ 18000BTU#HSU-18VQRC03T,HSU-18VQRC03T,SELLABLE,,,AC,Inverter,18KBTU,,
MK-345590-88556710324,MK,345590,88556710324,HAIER แอร์ 12300BTU#HSU-12VQRC03T,HSU-12VQRC03T,SELLABLE,,,AC,Inverter,12KBTU,,
MK-884773-8855671032,MK,884773,8855671032,HAIER แอร์ 9200BTU#HSU-09VQRC03T,HSU-09VQRC03T,SELLABLE,,,AC,Inverter,9KBTU,,
MK-665950-88556710325,MK,665950,88556710325,HAIER แอร์ 12300BTU#HSU-12VQEC03T,HSU-12VQEC03T,SELLABLE,,,AC,Inverter,12KBTU,,
MK-636985-88556710354460,MK,636985,8.85567E+13,HAIER ค.ซัก14กก #HW140BD14697WU1 ,HW140-BD14697WU1,SELLABLE,,,WM,Front Load,14.0KG,,
MK-206871-8855671033138,MK,206871,8.85567E+12,ไฮเออร์ แอร์ 24500BTU#HPU24FSE03T,HPU-24FSE03T,SELLABLE,,,AC,Floor Standing,24KBTU,,
MK-383029-6930265302325,MK,383029,6.93027E+12,PreB_ตชย.HAIER #SC-412BPC/14Q,SC-412BPC,SELLABLE,,,FZ,Beverage,13.8Q,,
MK-983451-885567103213,MK,983451,8.85567E+11,PreBHAIERแอร์23200BTU#HSU-24VQRC0,HSU-24VQRC05,SELLABLE,,,AC,Inverter,24KBTU,,
MK-315962-8855671027328,MK,315962,8.85567E+12,PreBตชข.กระจกHAIER#SD-407DP/10.3Q,SD-407DP,SELLABLE,,,FZ,Glass,10.3Q,,
MK-149522-8855671024754,MK,149522,8.85567E+12,PreB_ตชข.HAIER#HCF-300DP/1D/8.9Q,HCF-300DP,SELLABLE,,,FZ,Chest,8.9Q,,
MK-253720-6930265364323,MK,253720,6.93027E+12,PreB_ตชย.HAIER #SC-340BPC/11.3Q,SC-340BPC,SELLABLE,,,FZ,Beverage,11.3Q,,
MK-173463-8855671027335,MK,173463,8.85567E+12,PreB_ตชขกจ.HAIER#SD-517DP/12.9Q,SD-517DP,SELLABLE,,,FZ,Glass,12.9Q,,
MK-750742-6930265309768,MK,750742,6.93027E+12,PreBตชขHAIER HCF-728DPV2/2D/24.9Q,HCF-728DPV2,SELLABLE,,,FZ,Chest,25.4Q,,
MK-687838-2500006878385,MK,687838,2.50001E+12,PM_กระเป๋าเก็บความเย็น,N/A,N/A,,,N/A,N/A,N/A,,
MK-870857-2500008708574,MK,870857,2.50001E+12,PM_ร่ม HAIER,N/A,N/A,,,N/A,N/A,N/A,,
MK-969748-2500009697488,MK,969748,2.50001E+12,PM_ผ้ากันเปื้อน,N/A,N/A,,,N/A,N/A,N/A,,
MK-114558-6976454836288,MK,114558,6.97645E+12,ไฮเออร์ 32นิ้ว #H32K70G DTV,H32K70G,SELLABLE,,,TV,UHD,"32""",,
MK-959251-6930265303957,MK,959251,6.93027E+12,PreB_ตชข.HAIER#BD-276B/1D/9.7Q,BD-276B,SELLABLE,,,FZ,Vertical,9.7Q,,
MK-636985-8855671035446,MK,636985,8.85567E+12,PreHAIER ค.ซัก14กก#HW140BD14697WU,HW140-BD14697WU1,SELLABLE,,,WM,Front Load,14.0KG,,
MK-682770-6976454837131,MK,682770,6.97645E+12,ไฮเออร์ 55นิ้ว #H55K85GUX UHD,H55K85GUX,SELLABLE,,,TV,UHD,"55""",,
MK-236725-6976454836172,MK,236725,6.97645E+12,ไฮเออร์ 43นิ้ว #H43S70GFX QLED,H43S70GFX,SELLABLE,,,TV,FHD,"43""",,
MK-164321-8855671034432,MK,164321,8.85567E+12,Preไฮเออร์คซผ.ฝาหน้า14กก#HW140BP1,HW140-BP14367S8U1,SELLABLE,,,WM,Front Load,14.0KG,,
MK-147645-6976454836189,MK,147645,6.97645E+12,ไฮเออร์ 32นิ้ว #H32S70GFX QLED,H32S70GFX,SELLABLE,,,TV,FHD,"32""",,
MK-899655-2500008996551,MK,899655,2.50001E+12,PreB_ตชบ.HAIER#HCF-SB228/1D/7Q,HCF-SB228,SELLABLE,,,FZ,Chest,7.0Q,,
MK-689506-2500006895061,MK,689506,2.50001E+12,PM_กระเป๋าHaier,N/A,N/A,,,N/A,N/A,N/A,,
MK-991771-6930265304985,MK,991771,6.93027E+12,ตชย.HAIER#SC-340M/1D/11.3Q,SC-340M,SELLABLE,,,FZ,Beverage,11.3Q,,
