INDEX_STORE,CUSTOMER,STORE_ID_CUST,STORE_NAME_CUST,CUSTOMER_NAME,STORE_ID,STORE_NAME,PROVINCE,STORE_TYPE,REGION,CHANNEL,Latitude,Longitude,STORE_SIZE,HUB_STORE,TOP_STORE,STORE_RANK,REMARK
MK-853,MK,853,บมจ.ซีพี แอ็กซ์ตร้า คลังสินค้าอาหารแห้ง วังน้อย2,Makro,TMK-853,MK.DC-853-WANGNOI_2,AYUTTHAYA,DC,WEST&EAST,MDT,13.7236481,100.5699473,,,N/A,,
MK-68,MK,68,บมจ.ซีพี แอ็กซ์ตร้า สาขาศาลายา,Makro,S00085,MK:SALAYA-NAKHONPATHOM,NAKHONPATHOM,STORE,WEST&EAST,MDT,13.801991,100.305356,CLASSIC B,,N/A,,
MK-67,MK,67,บมจ.ซีพี แอ็กซ์ตร้า สาขาแม่สาย,Makro,S00094,MK-MAESAI-CHIANGRAI,CHIANGRAI,STORE,NORTH,MDT,20.406738,99.886056,CLASSIC B,,N/A,,
MK-49,MK,49,บมจ.ซีพี แอ็กซ์ตร้า สาขาราชบุรี,Makro,S00097,MK-RATCHABURI,RATCHABURI,STORE,WEST&EAST,MDT,13.541512,99.800411,CLASSIC B,,N/A,,
MK-15,MK,15,บมจ.ซีพี แอ็กซ์ตร้า สาขาระยอง,Makro,S00098,MK-RAYONG,RAYONG,STORE,WEST&EAST,MDT,12.697661,101.264684,CLASSIC A,,N/A,,
MK-16,MK,16,บมจ.ซีพี แอ็กซ์ตร้า สาขานครสวรรค์,Makro,S00099,MK-NAKHONSAWAN,NAKHONSAWAN,STORE,NORTH,MDT,15.684935,100.131071,CLASSIC A,,N/A,,
MK-61,MK,61,บมจ.ซีพี แอ็กซ์ตร้า สาขาชุมแพ,Makro,S00114,MK-CHUMPAE-KHONKAEN,KHONKAEN,STORE,NORTHEAST,MDT,16.552587,102.086629,CLASSIC B,,N/A,,
MK-28,MK,28,บมจ.ซีพี แอ็กซ์ตร้า สาขาร้อยเอ็ด,Makro,S00130,MK-ROIET,ROIET,STORE,NORTHEAST,MDT,16.058289,103.630801,CLASSIC C,,N/A,,
MK-50,MK,50,บมจ.ซีพี แอ็กซ์ตร้า สาขาแม่ริม,Makro,S00133,MK-MAE RIM-CHIANGMAI,CHIANGMAI,STORE,NORTH,MDT,18.89902,98.95197,,,N/A,,
MK-22,MK,22,บมจ.ซีพี แอ็กซ์ตร้า สาขานครศรีธรรมราช,Makro,S00134,MK-NAKHONSITHAMMARAT,NAKHONSITHAMMARAT,STORE,SOUTH,MDT,8.434506,99.928413,CLASSIC C,,N/A,,
MK-119,MK,119,บมจ.ซีพี แอ็กซ์ตร้า สาขาพิจิตร,Makro,S00136,MK-PHICHIT,PHICHIT,STORE,NORTH,MDT,16.432181,100.335534,,,N/A,,
MK-6,MK,6,บมจ.ซีพี แอ็กซ์ตร้า สาขาเชียงใหม่,Makro,S00138,MK-CHIANGMAI,CHIANGMAI,STORE,NORTH,MDT,18.785085,99.027764,CLASSIC A,,N/A,,
MK-57,MK,57,บมจ.ซีพี แอ็กซ์ตร้า สาขาบางพลี,Makro,S00140,MK:BANGPLEE,SAMUTPRAKAN,STORE,BKK CENTRAL,MDT,13.634727,100.712724,CLASSIC B,,N/A,,
MK-19,MK,19,บมจ.ซีพี แอ็กซ์ตร้า สาขานครปฐม,Makro,S00145,MK:NAKHONPATHOM,NAKHONPATHOM,STORE,WEST&EAST,MDT,13.804997,100.009143,CLASSIC B,,N/A,,
MK-18,MK,18,บมจ.ซีพี แอ็กซ์ตร้า สาขาสาทร,Makro,S00149,MK:SATHORN,BANGKOK,STORE,BKK CENTRAL,MDT,13.709795,100.53582,CLASSIC A,,N/A,,
MK-59,MK,59,บมจ.ซีพี แอ็กซ์ตร้า สาขาสตูล,Makro,S00154,MK-SATUN,SATUN,STORE,SOUTH,MDT,6.671318,100.074674,CLASSIC B,,N/A,,
MK-3,MK,3,บมจ.ซีพี แอ็กซ์ตร้า สาขาศรีนครินทร์,Makro,S00156,MK:SRINAKARIN,SAMUTPRAKAN,STORE,BKK CENTRAL,MDT,13.653637,100.640386,CLASSIC A,,N/A,,
MK-47,MK,47,บมจ.ซีพี แอ็กซ์ตร้า สาขาลพบุรี,Makro,S00159,MK-LOPBURI,LOPBURI,STORE,WEST&EAST,MDT,14.78234,100.687098,CLASSIC B,,N/A,,
MK-9,MK,9,บมจ.ซีพี แอ็กซ์ตร้า สาขาหาดใหญ่,Makro,S00161,MK-HADYAI-SONGKHLA,SONGKHLA,STORE,SOUTH,MDT,6.990783,100.48865,CLASSIC A,,N/A,,
MK-65,MK,65,บมจ.ซีพี แอ็กซ์ตร้า สาขาบึงกาฬ,Makro,S00165,MK-BUENGKAN,BUENGKAN,STORE,NORTHEAST,MDT,18.365955,103.641333,,,N/A,,
MK-17,MK,17,บมจ.ซีพี แอ็กซ์ตร้า สาขาจรัญสนิทวงศ์,Makro,S00168,MK:CHARUNSANITWONG,BANGKOK,STORE,BKK CENTRAL,MDT,13.7622,100.470055,CLASSIC A,,N/A,,
MK-10,MK,10,บมจ.ซีพี แอ็กซ์ตร้า สาขาอุดรธานี,Makro,S00179,MK-UDONTHANI,UDONTHANI,STORE,NORTHEAST,MDT,17.390006,102.816856,CLASSIC A,,N/A,,
MK-24,MK,24,บมจ.ซีพี แอ็กซ์ตร้า สาขาสกลนคร,Makro,S00183,MK-SAKONNAKHON,SAKONNAKHON,STORE,NORTHEAST,MDT,17.174829,104.129369,,,N/A,,
MK-58,MK,58,บมจ.ซีพี แอ็กซ์ตร้า สาขามุกดาหาร,Makro,S00186,MK-MUKDAHAN,MUKDAHAN,STORE,NORTHEAST,MDT,16.54237,104.707521,CLASSIC B,,N/A,,
MK-30,MK,30,บมจ.ซีพี แอ็กซ์ตร้า สาขาสระแก้ว,Makro,S00187,MK-SAKAEO,SAKAEO,STORE,WEST&EAST,MDT,13.808461,102.081676,CLASSIC B,,N/A,,
MK-110,MK,110,บมจ.ซีพี แอ็กซ์ตร้า สาขาประจวบคีรีขันธ์,Makro,S00188,MK-PRACHUAPKHIRIKHAN,PRACHUAPKHIRIKHAN,STORE,WEST&EAST,MDT,11.828822,99.875044,,,N/A,,
MK-55,MK,55,บมจ.ซีพี แอ็กซ์ตร้า สาขาเลย,Makro,S00191,MK-LOEI,LOEI,STORE,NORTHEAST,MDT,17.470266,101.724053,,,N/A,,
MK-1,MK,1,บมจ.ซีพี แอ็กซ์ตร้า สาขาลาดพร้าว,Makro,S00199,MK:LADPRAO,BANGKOK,STORE,BKK CENTRAL,MDT,13.763903,100.642385,CLASSIC A,,N/A,,
MK-4,MK,4,บมจ.ซีพี แอ็กซ์ตร้า สาขาบางบอน,Makro,S00200,MK:BANGBON,BANGKOK,STORE,BKK CENTRAL,MDT,13.6719,100.40816,CLASSIC A,,N/A,,
MK-46,MK,46,บมจ.ซีพี แอ็กซ์ตร้า สาขากาญจนบุรี,Makro,S00204,MK-KANCHANABURI,KANCHANABURI,STORE,WEST&EAST,MDT,13.981104,99.584421,CLASSIC B,,N/A,,
MK-103,MK,103,บมจ.ซีพี แอ็กซ์ตร้า สาขาน่าน,Makro,S00205,MK-NAN,NAN,STORE,NORTH,MDT,18.754974,100.760462,CLASSIC B,,N/A,,
MK-70,MK,70,บมจ.ซีพี แอ็กซ์ตร้า สาขาสุโขทัย,Makro,S00207,MK-SUKHOTHAI,SUKHOTHAI,STORE,NORTH,MDT,17.016161,99.846639,,,N/A,,
MK-73,MK,73,บมจ.ซีพี แอ็กซ์ตร้า สาขาแม่สอด,Makro,S00211,MK-MAESOD-TAK,TAK,STORE,NORTH,MDT,16.724788,98.58851,CLASSIC B,,N/A,,
MK-23,MK,23,บมจ.ซีพี แอ็กซ์ตร้า สาขาเชียงราย,Makro,S00213,MK-CHIANGRAI,CHIANGRAI,STORE,NORTH,MDT,19.957677,99.852739,CLASSIC C,,N/A,,
MK-25,MK,25,บมจ.ซีพี แอ็กซ์ตร้า สาขาสุพรรณบุรี,Makro,S00214,MK-SUPHANBURI,SUPHANBURI,STORE,WEST&EAST,MDT,14.482775,100.131402,CLASSIC C,,N/A,,
MK-32,MK,32,บมจ.ซีพี แอ็กซ์ตร้า สาขาบุรีรัมย์,Makro,S00215,MK-BURIRAM,BURIRAM,STORE,NORTHEAST,MDT,14.9732904,103.0703327,CLASSIC B,,N/A,,
MK-26,MK,26,บมจ.ซีพี แอ็กซ์ตร้า สาขาจันทบุรี,Makro,S00216,MK-CHANTHABURI,CHANTHABURI,STORE,WEST&EAST,MDT,12.616771,102.143318,,,N/A,,
MK-76,MK,76,บมจ.ซีพี แอ็กซ์ตร้า สาขาระนอง,Makro,S00218,MK-RANONG,RANONG,STORE,SOUTH,MDT,9.93168,98.63366,CLASSIC B,,N/A,,
MK-12,MK,12,บมจ.ซีพี แอ็กซ์ตร้า สาขาขอนแก่น,Makro,S00220,MK-KHONKAEN,KHONKAEN,STORE,NORTHEAST,MDT,16.387691,102.908878,CLASSIC A,,N/A,,
MK-52,MK,52,บมจ.ซีพี แอ็กซ์ตร้า สาขาลำปาง,Makro,S00223,MK-LAMPANG,LAMPANG,STORE,NORTH,MDT,18.2748,99.484883,,,N/A,,
MK-33,MK,33,บมจ.ซีพี แอ็กซ์ตร้า สาขาศรีสะเกษ,Makro,S00226,MK-SISAKET,SISAKET,STORE,NORTHEAST,MDT,15.106714,104.370827,,,N/A,,
MK-116,MK,116,บมจ.ซีพี แอ็กซ์ตร้า สาขากาฬสินธุ์,Makro,S00228,MK-KALASIN,KALASIN,STORE,NORTHEAST,MDT,16.453747,103.531291,,,N/A,,
MK-29,MK,29,บมจ.ซีพี แอ็กซ์ตร้า สาขาตรัง,Makro,S00231,MK-TRANG,TRANG,STORE,SOUTH,MDT,7.536765,99.620119,,,N/A,,
MK-11,MK,11,บมจ.ซีพี แอ็กซ์ตร้า สาขาพิษณุโลก,Makro,S00232,MK-PHITSANULOK,PHITSANULOK,STORE,NORTH,MDT,16.793753,100.232991,CLASSIC A,,N/A,,
MK-54,MK,54,บมจ.ซีพี แอ็กซ์ตร้า สาขาคลองหลวง,Makro,S00233,MK:KHLONG_LUANG,PATHUMTHANI,STORE,BKK CENTRAL,MDT,14.067039,100.63341,CLASSIC B,,N/A,,
MK-5,MK,5,บมจ.ซีพี แอ็กซ์ตร้า สาขาชลบุรี,Makro,S00234,MK-CHONBURI,CHONBURI,STORE,WEST&EAST,MDT,13.321984,100.960688,CLASSIC A,,N/A,,
MK-45,MK,45,บมจ.ซีพี แอ็กซ์ตร้า สาขากำแพงเพชร,Makro,S00237,MK-KAMPHAENGPHET,KAMPHAENGPHET,STORE,NORTH,MDT,16.451561,99.538596,,,N/A,,
MK-106,MK,106,บมจ.ซีพี แอ็กซ์ตร้า สาขาวารินชำราบ,Makro,S00240,MK-WARINCHAMRAB-UBONRATCHATHANI,UBONRATCHATHANI,STORE,NORTHEAST,MDT,15.174564,104.866312,CLASSIC B,,N/A,,
MK-48,MK,48,บมจ.ซีพี แอ็กซ์ตร้า สาขาหนองคาย,Makro,S00244,MK-NONGKHAI,NONGKHAI,STORE,NORTHEAST,MDT,17.805572,102.758604,CLASSIC B,,N/A,,
MK-20,MK,20,บมจ.ซีพี แอ็กซ์ตร้า สาขาสุรินทร์,Makro,S00247,MK-SURIN,SURIN,STORE,NORTHEAST,MDT,14.870344,103.5125,CLASSIC B,,N/A,,
MK-80,MK,80,บมจ.ซีพี แอ็กซ์ตร้า สาขามหาสารคาม,Makro,S00253,MK-MAHASARAKHAM,MAHASARAKHAM,STORE,NORTHEAST,MDT,16.211514,103.276119,,,N/A,,
MK-36,MK,36,บมจ.ซีพี แอ็กซ์ตร้า สาขาเพชรบุรี,Makro,S00261,MK-PHETCHABURI,PHETCHABURI,STORE,WEST&EAST,MDT,12.620761,99.949873,,,N/A,,
MK-56,MK,56,บมจ.ซีพี แอ็กซ์ตร้า สาขาเพชรบูรณ์,Makro,S00262,MK-PHETCHABUN,PHETCHABUN,STORE,NORTH,MDT,16.388622,101.129076,CLASSIC B,,N/A,,
MK-79,MK,79,บมจ.ซีพี แอ็กซ์ตร้า สาขายโสธร,Makro,S00263,MK-YASOTHON,YASOTHON,STORE,NORTHEAST,MDT,15.773054,104.179536,,,N/A,,
MK-14,MK,14,บมจ.ซีพี แอ็กซ์ตร้า สาขาอุบลราชธานี,Makro,S00266,MK-UBONRATCHATHANI,UBONRATCHATHANI,STORE,NORTHEAST,MDT,15.26864,104.833229,CLASSIC A,,N/A,,
MK-37,MK,37,บมจ.ซีพี แอ็กซ์ตร้า สาขาชัยภูมิ,Makro,S00274,MK-CHAIYAPHUM,CHAIYAPHUM,STORE,NORTHEAST,MDT,15.775745,102.027349,,,N/A,,
MK-40,MK,40,บมจ.ซีพี แอ็กซ์ตร้า สาขาฉะเชิงเทรา,Makro,S00288,MK-CHACHOENGSAO,CHACHOENGSAO,STORE,WEST&EAST,MDT,13.720045,101.043307,CLASSIC B,,N/A,,
MK-69,MK,69,บมจ.ซีพี แอ็กซ์ตร้า สาขาพัทลุง,Makro,S00290,MK-PHATTHALUNG,PHATTHALUNG,STORE,SOUTH,MDT,7.585728,100.056084,,,N/A,,
MK-7,MK,7,บมจ.ซีพี แอ็กซ์ตร้า สาขานครราชสีมา,Makro,S00291,MK-NAKHONRATCHASIMA,NAKHONRATCHASIMA,STORE,NORTHEAST,MDT,14.993606,102.099804,CLASSIC A,,N/A,,
MK-152,MK,152,บมจ.ซีพี แอ็กซ์ตร้า สาขาสมุทรสงคราม,Makro,S00297,MK-SAMUTSONGKHRAM,SAMUTSONGKHRAM,STORE,WEST&EAST,MDT,13.41059,100.020296,,,N/A,,
MK-39,MK,39,บมจ.ซีพี แอ็กซ์ตร้า สาขาปราณบุรี,Makro,S00299,MK-PRANBURI-PRACHUAPKHIRIKHAN,PRACHUAPKHIRIKHAN,STORE,WEST&EAST,MDT,12.424748,99.918977,CLASSIC B,,N/A,,
MK-2,MK,2,บมจ.ซีพี แอ็กซ์ตร้า สาขาแจ้งวัฒนะ,Makro,S00302,MK:CHANGWATTANA,NONTHABURI,STORE,BKK CENTRAL,MDT,13.896455,100.548505,CLASSIC A,,N/A,,
MK-107,MK,107,บมจ.ซีพี แอ็กซ์ตร้า สาขาหนองบัวลำภู,Makro,S00305,MK-NONGBUALAMPHU,NONGBUALAMPHU,STORE,NORTHEAST,MDT,17.211821,102.435557,,,N/A,,
MK-87,MK,87,บมจ.ซีพี แอ็กซ์ตร้า สาขาพะเยา,Makro,S00312,MK-PHAYAO,PHAYAO,STORE,NORTH,MDT,19.155161,99.914349,,,N/A,,
MK-81,MK,81,บมจ.ซีพี แอ็กซ์ตร้า สาขาฝาง,Makro,S00317,MK-FANG-CHIANGMAI,CHIANGMAI,STORE,NORTH,MDT,19.890162,99.196177,,,N/A,,
MK-13,MK,13,บมจ.ซีพี แอ็กซ์ตร้า สาขาสุราษฎร์ธานี,Makro,S00321,MK-SURATTHANI,SURATTHANI,STORE,SOUTH,MDT,9.121232,99.339083,CLASSIC A,,N/A,,
MK-34,MK,34,บมจ.ซีพี แอ็กซ์ตร้า สาขาลำพูน,Makro,S00325,MK-LAMPHUN,LAMPHUN,STORE,NORTH,MDT,18.594324,99.041233,,,N/A,,
MK-100,MK,100,บมจ.ซีพี แอ็กซ์ตร้า สาขาแพร่,Makro,S00326,MK-PHRAE,PHRAE,STORE,NORTH,MDT,18.117512,100.152038,,,N/A,,
MK-149,MK,149,บมจ.ซีพี แอ็กซ์ตร้า สาขาอ้อมน้อย,Makro,S00336,MK:AOMNOI-SAMUTSAKHON,SAMUTSAKHON,STORE,WEST&EAST,MDT,13.637,100.292,,,N/A,,
MK-146,MK,146,บมจ.ซีพี แอ็กซ์ตร้า สาขาอุตรดิตถ์,Makro,S00338,MK-UTTARADIT,UTTARADIT,STORE,NORTH,MDT,19.155161,99.914349,,,N/A,,
MK-51,MK,51,บมจ.ซีพี แอ็กซ์ตร้า สาขาอยุธยา,Makro,S00371,MK-AYUTTHAYA,AYUTTHAYA,STORE,WEST&EAST,MDT,14.320657,100.635635,CLASSIC B,,N/A,,
MK-38,MK,38,บมจ.ซีพี แอ็กซ์ตร้า สาขาสระบุรี,Makro,S00431,MK-SARABURI,SARABURI,STORE,WEST&EAST,MDT,14.55158,100.964466,CLASSIC B,,N/A,,
MK-8,MK,8,บมจ.ซีพี แอ็กซ์ตร้า สาขารังสิต,Makro,S00432,MK:RANGSIT,PATHUMTHANI,STORE,BKK CENTRAL,MDT,13.974309,100.61721,CLASSIC A,,N/A,,
MK-72,MK,72,บมจ.ซีพี แอ็กซ์ตร้า สาขาสมุทรสาคร,Makro,S00436,MK:SAMUTSAKHON,SAMUTSAKHON,STORE,WEST&EAST,MDT,13.569461,100.303368,,,N/A,,
MK-158,MK,158,บมจ.ซีพี แอ็กซ์ตร้า สาขานครสวรรค์ 2 (พรหมนิมิต),Makro,S00473,MK-PHROMNIMIT-NAKHONSAWAN_2,NAKHONSAWAN,STORE,NORTH,MDT,15.684935,100.131071,,,N/A,,
MK-161,MK,161,บมจ.ซีพี แอ็กซ์ตร้า สาขาขอนแก่น3 (บ้านโนนม่วง),Makro,S00491,MK-BAN_NOND_MUANG-KHONKAEN_3,KHONKAEN,STORE,NORTHEAST,MDT,16.552587,102.086629,,,N/A,,
MK-83,MK,83,บมจ.ซีพี แอ็กซ์ตร้า สาขานครอินทร์,Makro,S00497,MK:NAKORN_IN-NONTHABURI,NONTHABURI,STORE,BKK CENTRAL,MDT,13.828112,100.485128,ECO+B,,N/A,,
MK-85,MK,85,บมจ.ซีพี แอ็กซ์ตร้า สาขาทุ่งสง,Makro,S00518,MK-THUNGSONG-NAKHONSITHAMMARAT,NAKHONSITHAMMARAT,STORE,SOUTH,MDT,8.158796,99.66552,,,N/A,,
MK-44,MK,44,บมจ.ซีพี แอ็กซ์ตร้า สาขาพัทยา,Makro,S00523,MK-PATTAYA-CHONBURI,CHONBURI,STORE,WEST&EAST,MDT,12.897791,100.894919,ECO+B,,N/A,,
MK-131,MK,131,บมจ.ซีพี แอ็กซ์ตร้า สาขาบ่อวิน,Makro,S00535,MK-BORWIN-CHONBURI,CHONBURI,STORE,WEST&EAST,MDT,13.332,101.419,,,N/A,,
MK-164,MK,164,บมจ.ซีพี แอ็กซ์ตร้า สาขาชัยนาท,Makro,S00540,MK-CHAINAT,CHAINAT,STORE,WEST&EAST,MDT,15.129,100.151,,,N/A,,
MK-162,MK,162,บมจ.ซีพี แอ็กซ์ตร้า สาขาอมตะนคร 2,Makro,S00562,MK-AMATANAKHON_2-CHONBURI,CHONBURI,STORE,WEST&EAST,MDT,13.425557,101.0037304,,,N/A,,
MK-74,MK,74,บมจ.ซีพี แอ็กซ์ตร้า สาขาปากช่อง,Makro,S00578,MK-PAKCHONG-NAKHONRATCHASRIMA,NAKHONRATCHASIMA,STORE,NORTHEAST,MDT,14.649287,101.408814,ECO+B,,N/A,,
MK-63,MK,63,บมจ.ซีพี แอ็กซ์ตร้า สาขานครพนม,Makro,S00601,MK-NAKHONPHANOM,NAKHONPHANOM,STORE,NORTHEAST,MDT,17.388069,104.76754,CLASSIC B,,N/A,,
MK-75,MK,75,บมจ.ซีพี แอ็กซ์ตร้า สาขาถลาง,Makro,S00603,MK-THALANG-PHUKET,PHUKET,STORE,SOUTH,MDT,8.020223,98.334915,ECO+B,,N/A,,
MK-128,MK,128,บมจ.ซีพี แอ็กซ์ตร้า สาขากบินทร์บุรี,Makro,S00629,MK-KRABINBURI-PRACHINBURI,PRACHINBURI,STORE,WEST&EAST,MDT,13.999,101.77,ECO+B,,N/A,,
MK-156,MK,156,บมจ.ซีพี แอ็กซ์ตร้า สาขาสมุทรปราการ,Makro,S00630,MK:SAMUTPRAKAN,SAMUTPRAKAN,STORE,BKK CENTRAL,MDT,13.653637,100.640386,,,N/A,,
MK-159,MK,159,บมจ.ซีพี แอ็กซ์ตร้า สาขาอุดรธานี 2 (บ้านเลื่อม),Makro,S00632,MK-BAN_LUEAM(UDON2)-UDONTHANI,UDONTHANI,STORE,NORTHEAST,MDT,17.390006,102.816856,,,N/A,,
MK-114,MK,114,บมจ.ซีพี แอ็กซ์ตร้า สาขาสิงห์บุรี,Makro,S00644,MK-SINGBURI,SINGBURI,STORE,WEST&EAST,MDT,14.888068,100.429424,,,N/A,,
MK-153,MK,153,บมจ.ซีพี แอ็กซ์ตร้า สาขาเวียงสระ,Makro,S00667,MK-WEING_SA-SURATTHANI,SURATTHANI,STORE,SOUTH,MDT,9.121232,99.339083,,,N/A,,
MK-35,MK,35,บมจ.ซีพี แอ็กซ์ตร้า สาขากระบี่,Makro,S00675,MK-KRABI,KRABI,STORE,SOUTH,MDT,8.117714,98.872269,ECO+ C,,N/A,,
MK-160,MK,160,บมจ.ซีพี แอ็กซ์ตร้า สาขามหาชัย,Makro,S00683,MK:MAHACHAI-SAMUTSAKHON,SAMUTSAKHON,STORE,WEST&EAST,MDT,13.569461,100.303368,,,N/A,,
MK-21,MK,21,บมจ.ซีพี แอ็กซ์ตร้า สาขาสามเสน,Makro,S00685,MK:SAMSEN,BANGKOK,STORE,BKK CENTRAL,MDT,13.791182,100.513284,,,N/A,,
MK-154,MK,154,บมจ.ซีพี แอ็กซ์ตร้า สาขาปราจีนบุรี,Makro,S00690,MK-PRACHINBURI,PRACHINBURI,STORE,WEST&EAST,MDT,14.056814,101.389414,,,N/A,,
MK-157,MK,157,บมจ.ซีพี แอ็กซ์ตร้า สาขานครราชสีมา3 (เซฟวัน),Makro,S00699,MK-SAVE_ONE-NAKHONRATCHASRIMA_3,NAKHONRATCHASIMA,STORE,NORTHEAST,MDT,14.649287,101.408814,,,N/A,,
MK-27,MK,27,บมจ.ซีพี แอ็กซ์ตร้า สาขาภูเก็ต,Makro,S00702,MK-PHUKET,PHUKET,STORE,SOUTH,MDT,7.894208,98.363862,ECO+B,,N/A,,
MK-102,MK,102,บมจ.ซีพี แอ็กซ์ตร้า สาขานครราชสีมา2,Makro,S00723,MK-NAKHONRATCHASIMA_2,NAKHONRATCHASIMA,STORE,NORTHEAST,MDT,14.927999,102.223152,,,N/A,,
MK-120,MK,120,บมจ.ซีพี แอ็กซ์ตร้า สาขาปทุมธานี,Makro,S00745,MK:PATHUMTHANI,PATHUMTHANI,STORE,BKK CENTRAL,MDT,14.030628,100.524996,,,N/A,,
MK-41,MK,41,บมจ.ซีพี แอ็กซ์ตร้า สาขาเชียงใหม่2,Makro,S00768,MK-HANG_DONG-CHIANGMAI_2,CHIANGMAI,STORE,NORTH,MDT,18.784652,99.033192,,,N/A,,
MK-60,MK,60,บมจ.ซีพี แอ็กซ์ตร้า สาขาตราด,Makro,S00784,MK-TRAT,TRAT,STORE,WEST&EAST,MDT,12.258692,102.516293,CLASSIC B,,N/A,,
MK-167,MK,167,บมจ.ซีพี แอ็กซ์ตร้า สาขาเชียงใหม่ (จอมทอง),Makro,S00788,MK-JOMTHONG-CHIANGMAI,CHIANGMAI,STORE,NORTH,MDT,,,,,N/A,,
MK-42,MK,42,บมจ.ซีพี แอ็กซ์ตร้า สาขารามอินทรา,Makro,S00792,MK:RAMINTRA,BANGKOK,STORE,BKK CENTRAL,MDT,13.816018,100.696815,CLASSIC B,,N/A,,
MK-89,MK,89,บมจ.ซีพี แอ็กซ์ตร้า สาขาพิษณุโลก2,Makro,S00793,MK-PHITSANULOK_2,PHITSANULOK,STORE,NORTH,MDT,16.817242,100.322717,ECO+B,,N/A,,
MK-82,MK,82,บมจ.ซีพี แอ็กซ์ตร้า สาขานครนายก,Makro,S00800,MK-NAKHONNAYOK,NAKHONNAYOK,STORE,WEST&EAST,MDT,14.226557,101.235193,,,N/A,,
MK-53,MK,53,บมจ.ซีพี แอ็กซ์ตร้า สาขาหัวหิน,Makro,S00806,MK-HUAHIN-PRACHUAPKHIRIKHAN,PRACHUAPKHIRIKHAN,STORE,WEST&EAST,MDT,13.72364807,100.5699473,,,N/A,,
MK-43,MK,43,บมจ.ซีพี แอ็กซ์ตร้า สาขาชุมพร,Makro,S00824,MK-CHUMPHON,CHUMPHON,STORE,SOUTH,MDT,10.504568,99.133725,,,N/A,,
MK-115,MK,115,บมจ.ซีพี แอ็กซ์ตร้า สาขาบางบัวทอง,Makro,S00841,MK:BANGBUATHONG-NONTHABURI,NONTHABURI,STORE,BKK CENTRAL,MDT,13.925761,100.408637,ECO+B,,N/A,,
MK-111,MK,111,บมจ.ซีพี แอ็กซ์ตร้า สาขาเพชรเกษม,Makro,S00847,MK:PETCHKASEM,BANGKOK,STORE,BKK CENTRAL,MDT,13.843533,100.010364,,,N/A,,
MK-108,MK,108,บมจ.ซีพี แอ็กซ์ตร้า สาขาหนองจอก,Makro,S00851,MK:NONGJOK,BANGKOK,STORE,BKK CENTRAL,MDT,13.856746,100.8551,,,N/A,,
MK-163,MK,163,บมจ.ซีพี แอ็กซ์ตร้า สาขาสงขลา,Makro,S00863,MK-SONGKHLA,SONGKHLA,STORE,SOUTH,MDT,6.990783,100.48865,,,N/A,,
MK-132,MK,132,บมจ.ซีพี แอ็กซ์ตร้า สาขาสัตหีบ,Makro,S00874,MK-SATTAHIP-CHONBURI,CHONBURI,STORE,WEST&EAST,MDT,12.638,100.871,,,N/A,,
MK-31,MK,31,บมจ.ซีพี แอ็กซ์ตร้า สาขาเกาะสมุย,Makro,S01105,MK-SAMUI-SURATTHANI,SURATTHANI,STORE,SOUTH,MDT,9.539036,100.041307,FOOD SERVICE C,,N/A,,
MK-168,MK,168,บมจ.ซีพี แอ็กซ์ตร้า สาขาบ้านบึง (ชลบุรี),Makro,S01186,MK-BANBUENG-CHONBURI,CHONBURI,STORE,WEST&EAST,MDT,13.080222,100.920004,,,N/A,,
MK-109,MK,109,บมจ.ซีพี แอ็กซ์ตร้า สาขาแหลมฉบัง,Makro,S01194,MK-LAMCHABANG-CHONBURI,CHONBURI,STORE,WEST&EAST,MDT,13.080222,100.920004,,,N/A,,
MK-166,MK,166,บมจ.ซีพี แอ็กซ์ตร้า สาขาราไวย์ 2,Makro,S01212,MK-RAWAI_2-PHUKET,PHUKET,STORE,SOUTH,MDT,7.8922775,98.3698027,,,N/A,,
MK-169,MK,169,บมจ.ซีพี แอ็กซ์ตร้า สาขาพังงา,Makro,S01265,MK-PHANGNGA,PHANGNGA,STORE,SOUTH,MDT,,,,,N/A,,
MK-122,MK,122,บมจ.ซีพี แอ็กซ์ตร้า สาขาประชาอุทิศ,Makro,S01438,MK:PRACHAUTHIT,BANGKOK,STORE,BKK CENTRAL,MDT,,,FOOD SERVICE C,,N/A,,
MK-170,MK,170,บมจ.ซีพี แอ็กซ์ตร้า สาขาอำนาจเจริญ,Makro,S01439,MK-AMNATCHAROEN,AMNATCHAROEN,STORE,NORTHEAST,MDT,,,,,N/A,,
MK-125,MK,125,บมจ.ซีพี แอ็กซ์ตร้า สาขาชะอำ,Makro,S01440,MK-CHAAM-PHETCHABURI,PHETCHABURI,STORE,WEST&EAST,MDT,,,,,N/A,,
MK-855,MK,855,บมจ.ซีพี แอ็กซ์ตร้า คลังสินค้าอาหารแห้ง วังน้อย2,Makro,TMK-855,MK.DC-855-WANGNOI_2,AYUTTHAYA,DC,WEST&EAST,MDT,13.7236481,100.5699473,,,N/A,,
MK-134,MK,134,บมจ.ซีพี แอ็กซ์ตร้า สาขาอมตะนคร,Makro,S01684,MK-AMATANAKHON-CHONBURI,CHONBURI,STORE,WEST&EAST,MDT,,,,,N/A,,
MK-142,MK,142,บมจ.ซีพี แอ็กซ์ตร้า สาขาแพรกษา,Makro,S01686,MK:PREAKASA-SAUTPRAKAN,SAMUTPRAKAN,STORE,BKK CENTRAL,MDT,,,,,N/A,,
MK-78,MK,78,บมจ.ซีพี แอ็กซ์ตร้า สาขากัลปพฤกษ์,Makro,S01706,MK:KANLAPAPHRUEK,BANGKOK,STORE,BKK CENTRAL,MDT,,,,,N/A,,
MK-117,MK,117,บมจ.ซีพี แอ็กซ์ตร้า สาขาอุดมสุข,Makro,S01707,MK:UDOMSUK,BANGKOK,STORE,BKK CENTRAL,MDT,,,,,N/A,,
MK-171,MK,171,บมจ.ซีพี แอ็กซ์ตร้า สาขาจอหอ (นครราชสีมา),Makro,S01708,MK-JORHOR-NAKHONRATCHASIMA,NAKHONRATCHASIMA,STORE,NORTHEAST,MDT,,,,,N/A,,
MK-64,MK,64,บมจ.ซีพี แอ็กซ์ตร้า สาขาเกาะพะงัน,Makro,S01710,MK-KOH_PHANGAN-SURATTHANI,SURATTHANI,STORE,SOUTH,MDT,,,,,N/A,,
MK-136,MK,136,บมจ.ซีพี แอ็กซ์ตร้า สาขาขอนแก่น2,Makro,S01945,MK-KHONKAEN_2,KHONKAEN,STORE,NORTHEAST,MDT,,,,,N/A,,
MK-133,MK,133,บมจ.ซีพี แอ็กซ์ตร้า สาขารามคำแหง24,Makro,S02236,MK:RAMKAMHANG_24,BANGKOK,STORE,BKK CENTRAL,MDT,,,,,N/A,,
MK-172,MK,172,บมจ.ซีพี แอ็กซ์ตร้า สาขาบ้านไผ่,Makro,S02245,MK-BANPHAI-KHONKAEN,KHONKAEN,STORE,NORTHEAST,MDT,,,,,N/A,,
MK-77,MK,77,บมจ.ซีพี แอ็กซ์ตร้า สาขาละไม,Makro,S02252,MK-LAMAI-SURATTHANI,SURATTHANI,STORE_SMALL,SOUTH,MDT,,,,,N/A,,
MK-860,MK,860,บริษัท ซีพี แอ็กซ์ตร้า คลังสินค้าซีดีซี วังน้อย,Makro,TMK-860,MK.DC-860-WANGNOI,AYUTTHAYA,DC,WEST&EAST,MDT,,,,,N/A,,
MK-882,MK,882,บมจ.ซีพี แอ็กซ์ตร้า คลังสินค้าอาหารแห้ง บางนา,Makro,TMK-882,MK.DC-882_BANGNA,BANGKOK,DC,BKK CENTRAL,MDT,,,,,N/A,,
MK-864,MK,864,บมจ.ซีพี แอ็กซ์ตร้า คลังสินค้าอาหารแห้ง HDC,Makro,TMK-864,MK.DC-864_HDC,BANGKOK,DC,BKK CENTRAL,MDT,,,,,N/A,,
MK-175,MK,175,บมจ.ซีพี แอ็กซ์ตร้า สาขาแฮปปี้แทท (ฟอเรสเทียส์ - บางนา),Makro,S02358,MK-HAPPITAT-SAMUTPRAKAN,SAMUTPRAKAN,STORE,BKK CENTRAL,MDT,,,,,N/A,,
